ChangeId,CentroidX,CentroidY
03_02_9005,626812.500000,1940045.000000
03_03_0101,578450.000000,1970100.000000
03_95_0001,553950.000000,1940150.000000
03_96_0024,524100.000000,1950300.000000
07_06_0014,699100.000000,1756950.000000
07_94_0027,714850.000000,1767700.000000
07_96_0013,720450.000000,1768350.000000
07_97_0055,666000.250000,1792178.250000
